Automated daily commit - Sat Feb  8 14:22:44 UTC 2025
Automated daily commit - Sat Feb  8 14:55:24 UTC 2025
Automated daily commit - Sat Feb  8 15:00:24 UTC 2025
Automated daily commit - Sun Feb  9 01:22:40 UTC 2025
Automated daily commit - Mon Feb 10 01:19:53 UTC 2025
Automated daily commit - Tue Feb 11 01:18:38 UTC 2025
Automated daily commit - Wed Feb 12 01:18:53 UTC 2025
Automated daily commit - Thu Feb 13 01:19:19 UTC 2025
Automated daily commit - Fri Feb 14 01:19:04 UTC 2025
Automated daily commit - Sat Feb 15 01:18:16 UTC 2025
Automated daily commit - Sun Feb 16 01:25:12 UTC 2025
Automated daily commit - Mon Feb 17 01:21:43 UTC 2025
Automated daily commit - Tue Feb 18 01:19:03 UTC 2025
Automated daily commit - Wed Feb 19 01:19:34 UTC 2025
Automated daily commit - Thu Feb 20 01:19:45 UTC 2025
Automated daily commit - Fri Feb 21 01:20:02 UTC 2025
Automated daily commit - Sat Feb 22 01:17:44 UTC 2025
Automated daily commit - Sun Feb 23 01:25:01 UTC 2025
Automated daily commit - Mon Feb 24 01:21:58 UTC 2025
Automated daily commit - Tue Feb 25 01:21:20 UTC 2025
Automated daily commit - Wed Feb 26 01:21:00 UTC 2025
Automated daily commit - Thu Feb 27 01:21:18 UTC 2025
Automated daily commit - Fri Feb 28 01:21:33 UTC 2025
Automated daily commit - Sat Mar  1 01:26:32 UTC 2025
Automated daily commit - Sun Mar  2 01:25:53 UTC 2025
Automated daily commit - Mon Mar  3 01:23:51 UTC 2025
Automated daily commit - Tue Mar  4 01:22:31 UTC 2025
Automated daily commit - Wed Mar  5 01:22:29 UTC 2025
Automated daily commit - Thu Mar  6 01:22:57 UTC 2025
Automated daily commit - Fri Mar  7 01:23:17 UTC 2025
Automated daily commit - Sat Mar  8 01:06:44 UTC 2025
Automated daily commit - Sun Mar  9 01:12:19 UTC 2025
Automated daily commit - Mon Mar 10 01:10:06 UTC 2025
Automated daily commit - Tue Mar 11 01:23:21 UTC 2025
Automated daily commit - Wed Mar 12 01:22:20 UTC 2025
Automated daily commit - Thu Mar 13 01:23:51 UTC 2025
Automated daily commit - Fri Mar 14 01:22:10 UTC 2025
Automated daily commit - Sat Mar 15 01:21:59 UTC 2025
Automated daily commit - Sun Mar 16 01:35:57 UTC 2025
Automated daily commit - Mon Mar 17 01:25:46 UTC 2025
Automated daily commit - Tue Mar 18 01:23:45 UTC 2025
Automated daily commit - Wed Mar 19 01:24:18 UTC 2025
Automated daily commit - Thu Mar 20 01:23:08 UTC 2025
Automated daily commit - Fri Mar 21 01:24:57 UTC 2025
Automated daily commit - Sat Mar 22 01:22:48 UTC 2025
Automated daily commit - Sun Mar 23 01:36:49 UTC 2025
Automated daily commit - Mon Mar 24 01:26:38 UTC 2025
Automated daily commit - Tue Mar 25 01:25:19 UTC 2025
Automated daily commit - Wed Mar 26 01:24:49 UTC 2025
Automated daily commit - Thu Mar 27 01:24:48 UTC 2025
Automated daily commit - Fri Mar 28 01:24:34 UTC 2025
Automated daily commit - Sat Mar 29 01:24:10 UTC 2025
Automated daily commit - Sun Mar 30 01:38:50 UTC 2025
Automated daily commit - Mon Mar 31 01:37:31 UTC 2025
Automated daily commit - Tue Apr  1 01:43:13 UTC 2025
Automated daily commit - Wed Apr  2 01:26:34 UTC 2025
Automated daily commit - Thu Apr  3 01:25:12 UTC 2025
Automated daily commit - Fri Apr  4 01:25:08 UTC 2025
Automated daily commit - Sat Apr  5 01:24:07 UTC 2025
Automated daily commit - Sun Apr  6 01:37:43 UTC 2025
Automated daily commit - Mon Apr  7 01:36:05 UTC 2025
Automated daily commit - Tue Apr  8 01:25:33 UTC 2025
Automated daily commit - Wed Apr  9 01:26:08 UTC 2025
Automated daily commit - Thu Apr 10 01:25:42 UTC 2025
Automated daily commit - Fri Apr 11 01:26:19 UTC 2025
Automated daily commit - Sun Apr 13 02:53:43 UTC 2025
Automated daily commit - Mon Apr 14 01:37:31 UTC 2025
Automated daily commit - Tue Apr 15 01:36:42 UTC 2025
Automated daily commit - Wed Apr 16 01:36:31 UTC 2025
Automated daily commit - Thu Apr 17 01:26:51 UTC 2025
Automated daily commit - Fri Apr 18 01:26:03 UTC 2025
Automated daily commit - Sat Apr 19 01:23:42 UTC 2025
Automated daily commit - Sun Apr 20 01:40:25 UTC 2025
Automated daily commit - Mon Apr 21 01:39:48 UTC 2025
Automated daily commit - Tue Apr 22 01:27:35 UTC 2025
Automated daily commit - Wed Apr 23 01:27:44 UTC 2025
Automated daily commit - Thu Apr 24 01:36:17 UTC 2025
Automated daily commit - Fri Apr 25 01:36:53 UTC 2025
Automated daily commit - Sat Apr 26 01:25:33 UTC 2025
Automated daily commit - Sun Apr 27 01:40:53 UTC 2025
Automated daily commit - Mon Apr 28 01:39:14 UTC 2025
Automated daily commit - Tue Apr 29 01:37:18 UTC 2025
Automated daily commit - Wed Apr 30 01:36:51 UTC 2025
Automated daily commit - Thu May  1 01:44:46 UTC 2025
Automated daily commit - Fri May  2 01:37:21 UTC 2025
Automated daily commit - Sat May  3 01:26:55 UTC 2025
Automated daily commit - Sun May  4 01:45:20 UTC 2025
Automated daily commit - Mon May  5 01:41:15 UTC 2025
Automated daily commit - Tue May  6 01:37:58 UTC 2025
Automated daily commit - Wed May  7 01:38:51 UTC 2025
Automated daily commit - Thu May  8 01:39:12 UTC 2025
Automated daily commit - Fri May  9 01:38:35 UTC 2025
Automated daily commit - Sat May 10 01:27:03 UTC 2025
Automated daily commit - Sun May 11 01:43:24 UTC 2025
Automated daily commit - Mon May 12 01:42:17 UTC 2025
Automated daily commit - Tue May 13 01:39:47 UTC 2025
Automated daily commit - Wed May 14 01:38:46 UTC 2025
Automated daily commit - Thu May 15 01:36:57 UTC 2025
Automated daily commit - Fri May 16 01:39:42 UTC 2025
Automated daily commit - Sat May 17 01:37:05 UTC 2025
Automated daily commit - Sun May 18 01:44:47 UTC 2025
Automated daily commit - Mon May 19 01:44:04 UTC 2025
Automated daily commit - Tue May 20 01:40:38 UTC 2025
Automated daily commit - Wed May 21 01:40:10 UTC 2025
Automated daily commit - Thu May 22 01:39:23 UTC 2025
Automated daily commit - Fri May 23 01:39:26 UTC 2025
Automated daily commit - Sat May 24 01:36:02 UTC 2025
Automated daily commit - Sun May 25 01:47:04 UTC 2025
Automated daily commit - Mon May 26 01:42:36 UTC 2025
Automated daily commit - Tue May 27 01:38:50 UTC 2025
Automated daily commit - Wed May 28 01:40:32 UTC 2025
Automated daily commit - Thu May 29 01:40:11 UTC 2025
Automated daily commit - Fri May 30 01:38:13 UTC 2025
Automated daily commit - Sat May 31 01:37:40 UTC 2025
Automated daily commit - Sun Jun  1 01:56:33 UTC 2025
Automated daily commit - Mon Jun  2 01:45:06 UTC 2025
Automated daily commit - Tue Jun  3 01:41:49 UTC 2025
Automated daily commit - Wed Jun  4 01:42:07 UTC 2025
Automated daily commit - Thu Jun  5 01:40:57 UTC 2025
Automated daily commit - Fri Jun  6 01:40:35 UTC 2025
Automated daily commit - Sat Jun  7 01:39:50 UTC 2025
Automated daily commit - Sun Jun  8 01:49:07 UTC 2025
Automated daily commit - Mon Jun  9 01:47:02 UTC 2025
Automated daily commit - Tue Jun 10 01:43:12 UTC 2025
Automated daily commit - Wed Jun 11 01:42:40 UTC 2025
Automated daily commit - Thu Jun 12 01:41:33 UTC 2025
Automated daily commit - Fri Jun 13 01:42:17 UTC 2025
Automated daily commit - Sat Jun 14 01:38:58 UTC 2025
Automated daily commit - Sun Jun 15 01:51:03 UTC 2025
Automated daily commit - Mon Jun 16 01:45:55 UTC 2025
Automated daily commit - Tue Jun 17 01:42:56 UTC 2025
Automated daily commit - Wed Jun 18 01:41:52 UTC 2025
Automated daily commit - Thu Jun 19 01:43:09 UTC 2025
Automated daily commit - Fri Jun 20 01:42:09 UTC 2025
Automated daily commit - Sat Jun 21 01:40:28 UTC 2025
Automated daily commit - Sun Jun 22 01:50:19 UTC 2025
Automated daily commit - Mon Jun 23 01:48:54 UTC 2025
Automated daily commit - Tue Jun 24 01:43:31 UTC 2025
Automated daily commit - Wed Jun 25 01:43:50 UTC 2025
Automated daily commit - Thu Jun 26 01:42:37 UTC 2025
Automated daily commit - Fri Jun 27 01:43:51 UTC 2025
Automated daily commit - Sat Jun 28 01:39:52 UTC 2025
Automated daily commit - Sun Jun 29 01:52:20 UTC 2025
Automated daily commit - Mon Jun 30 01:48:34 UTC 2025
Automated daily commit - Tue Jul  1 01:53:32 UTC 2025
Automated daily commit - Wed Jul  2 01:43:15 UTC 2025
Automated daily commit - Thu Jul  3 01:43:30 UTC 2025
Automated daily commit - Fri Jul  4 01:43:05 UTC 2025
Automated daily commit - Sat Jul  5 01:39:27 UTC 2025
Automated daily commit - Sun Jul  6 01:51:09 UTC 2025
Automated daily commit - Mon Jul  7 01:48:49 UTC 2025
Automated daily commit - Tue Jul  8 01:44:09 UTC 2025
Automated daily commit - Wed Jul  9 01:45:24 UTC 2025
Automated daily commit - Thu Jul 10 01:45:29 UTC 2025
Automated daily commit - Fri Jul 11 01:46:49 UTC 2025
Automated daily commit - Sat Jul 12 01:48:12 UTC 2025
Automated daily commit - Sun Jul 13 01:55:45 UTC 2025
Automated daily commit - Mon Jul 14 01:51:35 UTC 2025
Automated daily commit - Tue Jul 15 01:51:52 UTC 2025
Automated daily commit - Wed Jul 16 01:48:23 UTC 2025
Automated daily commit - Thu Jul 17 01:49:07 UTC 2025
Automated daily commit - Fri Jul 18 01:50:33 UTC 2025
Automated daily commit - Sat Jul 19 01:45:23 UTC 2025
Automated daily commit - Sun Jul 20 01:57:20 UTC 2025
Automated daily commit - Mon Jul 21 01:54:47 UTC 2025
Automated daily commit - Tue Jul 22 01:49:30 UTC 2025
Automated daily commit - Wed Jul 23 01:50:24 UTC 2025
Automated daily commit - Thu Jul 24 01:49:32 UTC 2025
Automated daily commit - Fri Jul 25 01:49:12 UTC 2025
Automated daily commit - Sat Jul 26 01:46:11 UTC 2025
Automated daily commit - Sun Jul 27 01:58:13 UTC 2025
Automated daily commit - Mon Jul 28 01:56:00 UTC 2025
Automated daily commit - Tue Jul 29 02:02:13 UTC 2025
Automated daily commit - Wed Jul 30 01:52:09 UTC 2025
Automated daily commit - Thu Jul 31 01:51:57 UTC 2025
Automated daily commit - Fri Aug  1 02:01:56 UTC 2025
Automated daily commit - Sat Aug  2 01:46:30 UTC 2025
Automated daily commit - Sun Aug  3 01:59:47 UTC 2025
Automated daily commit - Mon Aug  4 02:00:04 UTC 2025
Automated daily commit - Tue Aug  5 01:54:35 UTC 2025
Automated daily commit - Wed Aug  6 01:52:50 UTC 2025
Automated daily commit - Thu Aug  7 01:53:11 UTC 2025
Automated daily commit - Fri Aug  8 01:52:37 UTC 2025
Automated daily commit - Sat Aug  9 01:42:40 UTC 2025
Automated daily commit - Sun Aug 10 01:56:16 UTC 2025
Automated daily commit - Mon Aug 11 01:52:44 UTC 2025
Automated daily commit - Tue Aug 12 01:42:04 UTC 2025
Automated daily commit - Wed Aug 13 01:43:39 UTC 2025
Automated daily commit - Thu Aug 14 01:44:23 UTC 2025
Automated daily commit - Fri Aug 15 01:44:50 UTC 2025
Automated daily commit - Sat Aug 16 01:39:39 UTC 2025
Automated daily commit - Sun Aug 17 01:49:49 UTC 2025
Automated daily commit - Mon Aug 18 01:50:23 UTC 2025
Automated daily commit - Tue Aug 19 01:39:02 UTC 2025
Automated daily commit - Wed Aug 20 01:37:26 UTC 2025
Automated daily commit - Thu Aug 21 01:36:40 UTC 2025
Automated daily commit - Fri Aug 22 01:37:07 UTC 2025
Automated daily commit - Sat Aug 23 01:26:28 UTC 2025
Automated daily commit - Sun Aug 24 01:46:15 UTC 2025
Automated daily commit - Mon Aug 25 01:41:20 UTC 2025
Automated daily commit - Tue Aug 26 01:37:58 UTC 2025
Automated daily commit - Wed Aug 27 01:27:03 UTC 2025
Automated daily commit - Thu Aug 28 01:26:20 UTC 2025
Automated daily commit - Fri Aug 29 01:26:37 UTC 2025
Automated daily commit - Sat Aug 30 01:22:28 UTC 2025
Automated daily commit - Sun Aug 31 01:39:01 UTC 2025
Automated daily commit - Mon Sep  1 01:48:11 UTC 2025
Automated daily commit - Tue Sep  2 01:27:42 UTC 2025
Automated daily commit - Wed Sep  3 01:22:25 UTC 2025
Automated daily commit - Thu Sep  4 01:22:31 UTC 2025
Automated daily commit - Fri Sep  5 01:24:58 UTC 2025
Automated daily commit - Sat Sep  6 01:22:13 UTC 2025
Automated daily commit - Sun Sep  7 01:37:08 UTC 2025
Automated daily commit - Mon Sep  8 01:37:02 UTC 2025
Automated daily commit - Tue Sep  9 01:26:06 UTC 2025
Automated daily commit - Wed Sep 10 01:23:21 UTC 2025
Automated daily commit - Thu Sep 11 01:25:30 UTC 2025
Automated daily commit - Fri Sep 12 01:22:09 UTC 2025
Automated daily commit - Sat Sep 13 01:18:57 UTC 2025
Automated daily commit - Sun Sep 14 01:36:25 UTC 2025
Automated daily commit - Mon Sep 15 01:37:59 UTC 2025
Automated daily commit - Tue Sep 16 01:23:01 UTC 2025
Automated daily commit - Wed Sep 17 01:23:09 UTC 2025
Automated daily commit - Thu Sep 18 01:22:50 UTC 2025
Automated daily commit - Fri Sep 19 01:25:27 UTC 2025
Automated daily commit - Sat Sep 20 01:21:37 UTC 2025
Automated daily commit - Sun Sep 21 01:39:09 UTC 2025
Automated daily commit - Mon Sep 22 01:39:25 UTC 2025
Automated daily commit - Tue Sep 23 01:23:46 UTC 2025
Automated daily commit - Wed Sep 24 01:24:10 UTC 2025
Automated daily commit - Thu Sep 25 01:25:06 UTC 2025
Automated daily commit - Fri Sep 26 01:24:28 UTC 2025
Automated daily commit - Sat Sep 27 01:21:24 UTC 2025
Automated daily commit - Sun Sep 28 01:40:11 UTC 2025
Automated daily commit - Mon Sep 29 01:26:46 UTC 2025
Automated daily commit - Tue Sep 30 01:24:48 UTC 2025
Automated daily commit - Wed Oct  1 01:41:55 UTC 2025
Automated daily commit - Thu Oct  2 01:23:06 UTC 2025
Automated daily commit - Fri Oct  3 01:22:54 UTC 2025
Automated daily commit - Sat Oct  4 01:20:37 UTC 2025
Automated daily commit - Sun Oct  5 01:39:12 UTC 2025
Automated daily commit - Mon Oct  6 01:25:23 UTC 2025
Automated daily commit - Tue Oct  7 01:23:59 UTC 2025
Automated daily commit - Wed Oct  8 01:24:22 UTC 2025
Automated daily commit - Thu Oct  9 01:24:48 UTC 2025
Automated daily commit - Fri Oct 10 01:25:19 UTC 2025
Automated daily commit - Sat Oct 11 01:21:49 UTC 2025
Automated daily commit - Sun Oct 12 01:35:43 UTC 2025
Automated daily commit - Mon Oct 13 01:38:52 UTC 2025
Automated daily commit - Tue Oct 14 01:24:46 UTC 2025
Automated daily commit - Wed Oct 15 01:26:56 UTC 2025
Automated daily commit - Thu Oct 16 01:26:20 UTC 2025
Automated daily commit - Fri Oct 17 01:26:03 UTC 2025
Automated daily commit - Sat Oct 18 01:22:07 UTC 2025
Automated daily commit - Sun Oct 19 01:43:46 UTC 2025
Automated daily commit - Mon Oct 20 01:41:18 UTC 2025
Automated daily commit - Tue Oct 21 01:36:13 UTC 2025
Automated daily commit - Wed Oct 22 01:38:58 UTC 2025
Automated daily commit - Thu Oct 23 01:27:42 UTC 2025
Automated daily commit - Fri Oct 24 01:23:58 UTC 2025
Automated daily commit - Sat Oct 25 01:25:35 UTC 2025
Automated daily commit - Sun Oct 26 01:40:45 UTC 2025
Automated daily commit - Mon Oct 27 01:44:15 UTC 2025
Automated daily commit - Tue Oct 28 01:26:52 UTC 2025
Automated daily commit - Wed Oct 29 01:41:08 UTC 2025
Automated daily commit - Thu Oct 30 01:40:38 UTC 2025
Automated daily commit - Fri Oct 31 01:37:31 UTC 2025
Automated daily commit - Sat Nov  1 01:41:18 UTC 2025
Automated daily commit - Sun Nov  2 01:42:54 UTC 2025
Automated daily commit - Mon Nov  3 01:42:12 UTC 2025
Automated daily commit - Tue Nov  4 01:38:33 UTC 2025
Automated daily commit - Wed Nov  5 01:39:46 UTC 2025
Automated daily commit - Thu Nov  6 01:39:18 UTC 2025
Automated daily commit - Fri Nov  7 01:38:36 UTC 2025
Automated daily commit - Sat Nov  8 01:25:50 UTC 2025
Automated daily commit - Sun Nov  9 01:41:58 UTC 2025
Automated daily commit - Mon Nov 10 01:43:20 UTC 2025
Automated daily commit - Tue Nov 11 01:40:17 UTC 2025
Automated daily commit - Wed Nov 12 01:39:23 UTC 2025
Automated daily commit - Thu Nov 13 01:40:25 UTC 2025
Automated daily commit - Fri Nov 14 01:40:20 UTC 2025
Automated daily commit - Sat Nov 15 01:36:20 UTC 2025
Automated daily commit - Sun Nov 16 01:44:28 UTC 2025
Automated daily commit - Mon Nov 17 01:40:50 UTC 2025
Automated daily commit - Tue Nov 18 01:38:54 UTC 2025
Automated daily commit - Wed Nov 19 01:39:15 UTC 2025
Automated daily commit - Thu Nov 20 01:37:52 UTC 2025
Automated daily commit - Fri Nov 21 01:38:54 UTC 2025
Automated daily commit - Sat Nov 22 01:27:07 UTC 2025
Automated daily commit - Sun Nov 23 01:51:21 UTC 2025
Automated daily commit - Mon Nov 24 01:46:00 UTC 2025
Automated daily commit - Tue Nov 25 01:40:41 UTC 2025
Automated daily commit - Wed Nov 26 01:40:17 UTC 2025
Automated daily commit - Thu Nov 27 01:38:45 UTC 2025
Automated daily commit - Fri Nov 28 01:38:15 UTC 2025
Automated daily commit - Sat Nov 29 01:37:51 UTC 2025
Automated daily commit - Sun Nov 30 01:50:13 UTC 2025
Automated daily commit - Mon Dec  1 01:57:44 UTC 2025
Automated daily commit - Tue Dec  2 01:42:30 UTC 2025
Automated daily commit - Wed Dec  3 01:41:56 UTC 2025
Automated daily commit - Thu Dec  4 01:42:50 UTC 2025
Automated daily commit - Fri Dec  5 01:43:06 UTC 2025
Automated daily commit - Sat Dec  6 01:37:17 UTC 2025
Automated daily commit - Sun Dec  7 01:50:50 UTC 2025
Automated daily commit - Mon Dec  8 01:43:45 UTC 2025
Automated daily commit - Tue Dec  9 01:42:37 UTC 2025
Automated daily commit - Wed Dec 10 01:45:08 UTC 2025
Automated daily commit - Thu Dec 11 01:45:44 UTC 2025
Automated daily commit - Fri Dec 12 01:45:14 UTC 2025
Automated daily commit - Sat Dec 13 01:39:43 UTC 2025
Automated daily commit - Sun Dec 14 01:51:23 UTC 2025
Automated daily commit - Mon Dec 15 01:48:59 UTC 2025
Automated daily commit - Tue Dec 16 01:45:57 UTC 2025
Automated daily commit - Wed Dec 17 01:41:35 UTC 2025
Automated daily commit - Thu Dec 18 01:42:01 UTC 2025
Automated daily commit - Fri Dec 19 01:45:17 UTC 2025
Automated daily commit - Sat Dec 20 01:39:48 UTC 2025
Automated daily commit - Sun Dec 21 01:51:12 UTC 2025
Automated daily commit - Mon Dec 22 01:50:37 UTC 2025
